{"cameraMode":{"drawMode":0,"name":"Shaded","section":"Shading Mode"},"sceneLighting":true,"audioPlay":false,"sceneViewState":{"m_AlwaysRefresh":false,"showFog":true,"showSkybox":true,"showFlares":true,"showImageEffects":true,"showParticleSystems":true,"showVisualEffectGraphs":true,"m_FxEnabled":true},"in2DMode":false,"pivot":{"x":-1.8860397338867188,"y":-0.23349502682685853,"z":0.12582075595855714},"rotation":{"x":-0.3123360872268677,"y":-0.1726996898651123,"z":0.05773700773715973,"w":-0.9327496290206909},"size":4.692161560058594,"orthographic":true}