{"cameraMode":{"drawMode":0,"name":"Shaded","section":"Shading Mode"},"sceneLighting":true,"audioPlay":false,"sceneViewState":{"m_AlwaysRefresh":false,"showFog":true,"showSkybox":true,"showFlares":true,"showImageEffects":true,"showParticleSystems":true,"showVisualEffectGraphs":true,"m_FxEnabled":true},"in2DMode":false,"pivot":{"x":1.7719330787658692,"y":5.505115509033203,"z":-3.1456387042999269},"rotation":{"x":-0.12780648469924928,"y":0.15001234412193299,"z":-0.019268568605184556,"w":-0.9802875518798828},"size":11.548079490661621,"orthographic":true}