{"cameraMode":{"drawMode":0,"name":"Shaded","section":"Shading Mode"},"sceneLighting":true,"audioPlay":false,"sceneViewState":{"m_AlwaysRefresh":false,"showFog":true,"showSkybox":true,"showFlares":true,"showImageEffects":true,"showParticleSystems":true,"showVisualEffectGraphs":true,"m_FxEnabled":true},"in2DMode":false,"pivot":{"x":-1.1935672760009766,"y":0.20008552074432374,"z":0.6635390520095825},"rotation":{"x":-0.356108158826828,"y":-0.14770838618278504,"z":0.05823485553264618,"w":-0.9213061332702637},"size":3.656740427017212,"orthographic":true}