{"cameraMode":{"drawMode":0,"name":"Shaded","section":"Shading Mode"},"sceneLighting":true,"audioPlay":false,"sceneViewState":{"m_AlwaysRefresh":false,"showFog":true,"showSkybox":true,"showFlares":true,"showImageEffects":true,"showParticleSystems":true,"showVisualEffectGraphs":true,"m_FxEnabled":true},"in2DMode":false,"pivot":{"x":-1.9942235946655274,"y":1.1625149250030518,"z":0.25186312198638918},"rotation":{"x":-0.23478972911834718,"y":-0.24476192891597749,"z":0.06166272982954979,"w":-0.939120352268219},"size":3.578152656555176,"orthographic":true}