{"cameraMode":{"drawMode":0,"name":"Shaded","section":"Shading Mode"},"sceneLighting":true,"audioPlay":false,"sceneViewState":{"m_AlwaysRefresh":false,"showFog":true,"showSkybox":true,"showFlares":true,"showImageEffects":true,"showParticleSystems":true,"showVisualEffectGraphs":true,"m_FxEnabled":true},"in2DMode":false,"pivot":{"x":-2.899810791015625,"y":3.6650447845458986,"z":-0.16379356384277345},"rotation":{"x":-0.2768319249153137,"y":-0.009502257220447064,"z":0.002730933018028736,"w":-0.9608980417251587},"size":12.229676246643067,"orthographic":true}