{"cameraMode":{"drawMode":0,"name":"Shaded","section":"Shading Mode"},"sceneLighting":true,"audioPlay":false,"sceneViewState":{"m_AlwaysRefresh":false,"showFog":true,"showSkybox":true,"showFlares":true,"showImageEffects":true,"showParticleSystems":true,"showVisualEffectGraphs":true,"m_FxEnabled":true},"in2DMode":false,"pivot":{"x":-0.5553484559059143,"y":2.464596748352051,"z":-0.13177061080932618},"rotation":{"x":-0.04677319899201393,"y":0.7707627415657044,"z":-0.6330155730247498,"w":-0.05659663677215576},"size":2.872163772583008,"orthographic":true}